[
    {
        "name": "Projekt 1",
        "type":{
          "id":1,
          "name":"architektoniczne"
        },
        "description": "To jest projekt nr 1",
        "img": "http://www.prepbootstrap.com/Content/images/template/ResponsiveImageTiles/city1.jpg"
},
    {
        "name": "Projekt 2",
        "type":{
          "id":1,
          "name":"architektoniczne"
        },
        "description": "To jest projekt nr 2",
        "img": "http://www.prepbootstrap.com/Content/images/template/ResponsiveImageTiles/city2.jpg"
},
    {
        "name": "Projekt 3",
        "type":{
          "id":3,
          "name":"artystyczne"
        },
        "description": "To jest projekt nr 3",
        "img": "http://www.prepbootstrap.com/Content/images/template/ResponsiveImageTiles/city3.jpg"
},
    {
        "name": "Projekt 4",
        "type":{
          "id":2,
          "name":"urbanistyczne"
        },
        "description": "To jest projekt nr 4",
        "img": "http://www.prepbootstrap.com/Content/images/template/ResponsiveImageTiles/city4.jpg"
    },
    {
        "name": "Projekt 5",
        "type":{
          "id":1,
          "name":"architektoniczne"
        },
        "description": "To jest projekt nr 5",
        "img": "http://www.prepbootstrap.com/Content/images/template/ResponsiveImageTiles/city5.jpg"
    },
    {
        "name": "Projekt 6",
        "type":{
          "id":2,
          "name":"urbanistyczne"
        },
        "description": "To jest projekt nr 6",
        "img": "http://www.prepbootstrap.com/Content/images/template/ResponsiveImageTiles/city6.jpg"
    },
    {
        "name": "Projekt 7",
        "type":{
          "id":1,
          "name":"architektoniczne"
        },
        "description": "To jest projekt nr 7",
        "img": "http://www.prepbootstrap.com/Content/images/template/ResponsiveImageTiles/city7.jpg"
    },
    {
        "name": "Projekt 1",
        "type":{
          "id":3,
          "name":"artystyczne"
        },
        "description": "To jest projekt nr 1",
        "img": "http://www.prepbootstrap.com/Content/images/template/ResponsiveImageTiles/city1.jpg"
    },
    {
        "name": "Projekt 2",
        "type":{
          "id":4,
          "name":"inne"
        },
        "description": "To jest projekt nr 2",
        "img": "http://www.prepbootstrap.com/Content/images/template/ResponsiveImageTiles/city2.jpg"
    },
    {
        "name": "Projekt 3",
        "type":{
          "id":2,
          "name":"urbanistyczne"
        },
        "description": "To jest projekt nr 3",
        "img": "http://www.prepbootstrap.com/Content/images/template/ResponsiveImageTiles/city3.jpg"
    },
    {
        "name": "Projekt 4",
        "type":{
          "id":1,
          "name":"architektoniczne"
        },
        "description": "To jest projekt nr 4",
        "img": "http://www.prepbootstrap.com/Content/images/template/ResponsiveImageTiles/city4.jpg"
    },
    {
        "name": "Projekt 5",
        "type":{
          "id":3,
          "name":"artystyczne"
        },
        "description": "To jest projekt nr 5",
        "img": "http://www.prepbootstrap.com/Content/images/template/ResponsiveImageTiles/city5.jpg"
    },
    {
        "name": "Projekt 6",
        "type":{
          "id":2,
          "name":"urbanistyczne"
        },
        "description": "To jest projekt nr 6",
        "img": "http://www.prepbootstrap.com/Content/images/template/ResponsiveImageTiles/city6.jpg"
    },
    {
        "name": "Projekt 7",
        "type":{
          "id":4,
          "name":"inne"
        },
        "description": "To jest projekt nr 7",
        "img": "http://www.prepbootstrap.com/Content/images/template/ResponsiveImageTiles/city7.jpg"
    }

]
